{
  "params_M": 1.63963,
  "flops_G": 0.203919744,
  "latency_ms": 84.01277099999788
}