{
  "params_M": 1.038742,
  "flops_G": 0.153158016,
  "latency_ms": 61.75443100000848
}