{
  "params_M": 0.000386,
  "flops_G": 0.000196864,
  "latency_ms": 2.7690220000113186
}