{
  "params_M": 0.247086,
  "flops_G": 0.096967168,
  "latency_ms": 68.33929699998407
}